prev_id,curr_id,n,prev_title,curr_title,type
897080,18938265,12,Nash_Metropolitan,"\"Weird_Al\"_Yankovic",link
,563697,92,other-bing,"\"Master_Harold\"...and_the_Boys",other
8618299,8617839,13,Entertaining_Father_Stone,"Good_Luck,_Father_Ted",link
3785221,18938265,26,Jim_West_(guitarist),"\"Weird_Al\"_Yankovic",link
10090978,18938265,21,"Peter_and_the_Wolf_(\"Weird_Al\"_Yankovic_&_Wendy_Carlos_album)","\"Weird_Al\"_Yankovic",link
,43882355,56,other-empty,What_Is_This_Heart?,other
,2641242,237,other-google,"\"Still_Life\"_(American_Concert_1981)",other
19653364,18938265,11,"Whatever_You_Like_(\"Weird_Al\"_Yankovic_song)","\"Weird_Al\"_Yankovic",link
262457,18938265,16,R._Lee_Ermey,"\"Weird_Al\"_Yankovic",link
,7630017,167,other-yahoo,"\"Weird_Al\"_Yankovic_discography",other
4619790,25033979,593,Puscifer,"\"C\"_is_for_(Please_Insert_Sophomoric_Genitalia_Reference_HERE)",link
23138118,18938265,23,Craigslist_(song),"\"Weird_Al\"_Yankovic",link
,1419311,21,other-google,$20,other
5043734,18938265,67,Wikipedia,"\"Weird_Al\"_Yankovic",link
,17495549,23,other-other,"\"I_Want\"_song",other
2804228,,24,Champ_Ferguson,"\"Tinker_Dave\"_Beaty",redlink
3605255,1831030,44,The_Last_Temptation_of_Homer,"$pringfield_(or,_How_I_Learned_to_Stop_Worrying_and_Love_Legalized_Gambling)",link
,1245168,14,other-google,$25_Million_Dollar_Hoax,other
25133882,,13,Goodnight–Loving_Trail,"\"One_Arm_Bill\"_Wilson",redlink
,10231968,88,other-wikipedia,$_(disambiguation),other
3419979,,20,Woodlouse_spider,"\"Mothercare\"_spider",redlink
1779981,18938265,16,Chamillionaire,"\"Weird_Al\"_Yankovic",link
3070376,18938265,16,The_Food_Album,"\"Weird_Al\"_Yankovic",link
11700181,18938265,13,Close_but_No_Cigar,"\"Weird_Al\"_Yankovic",link
12571133,16079543,175,"\"V\"_Is_for_Vagina","\"V\"_Is_for_Viagra._The_Remixes",link
286992,1261557,12,Oblique_Strategies,Heroes,link
36094463,28612415,11,Diplo_production_discography,$O$_(Die_Antwoord_album),other
16252603,16252712,28,"\"M\"_Is_for_Malice","\"N\"_Is_for_Noose",link
2399670,3564374,10,The_Aquarian_Gospel_of_Jesus_the_Christ,"\"I_AM\"_Activity",other
16079543,,43,"\"V\"_Is_for_Viagra._The_Remixes","\"D\"_Is_for_Dubby_–_The_Lustmord_Dub_Mixes",redlink
735563,1261557,11,Florian_Schneider,Heroes,link
1027406,1896643,18,Big_Van_Vader,"\"Dr._Death\"_Steve_Williams",link
795587,1896643,105,Jerry_Only,"\"Dr._Death\"_Steve_Williams",link
2880213,3564374,18,United_States_v._Ballard,"\"I_AM\"_Activity",link
16079543,12571133,19,"\"V\"_Is_for_Viagra._The_Remixes","\"V\"_Is_for_Vagina",link
611396,18938265,39,Rick_Derringer,"\"Weird_Al\"_Yankovic",link
639642,18938265,13,I'll_Be_There_for_You_(The_Rembrandts_song),"\"Weird_Al\"_Yankovic",link
3855385,44783572,10,Albanian_Subversion,"\"Free_Albania\"_National_Committee",link
,18938265,1553,other-yahoo,"\"Weird_Al\"_Yankovic",other
591757,1896643,33,Big_Boss_Man_(wrestler),"\"Dr._Death\"_Steve_Williams",link
4109668,18938265,21,Jurassic_Park_(song),"\"Weird_Al\"_Yankovic",link
307526,1896643,24,Raven_(wrestler),"\"Dr._Death\"_Steve_Williams",link
26423707,18938265,38,Yugoslav_American,"\"Weird_Al\"_Yankovic",link
1261565,1261557,51,Scary_Monsters_(And_Super_Creeps),Heroes,link
24540,1261557,10,Philip_Glass,Heroes,link
6734598,8617839,94,List_of_Father_Ted_episodes,"Good_Luck,_Father_Ted",link
,3564374,640,other-google,"\"I_AM\"_Activity",other
,1362990,31,other-yahoo,"\"Pimpernel\"_Smith",other
4070747,7630017,13,Ricky_(song),"\"Weird_Al\"_Yankovic_discography",link
326309,1831030,15,Robert_Goulet,"$pringfield_(or,_How_I_Learned_to_Stop_Worrying_and_Love_Legalized_Gambling)",other
157548,18938265,31,Allan_Sherman,"\"Weird_Al\"_Yankovic",link
149681,18938265,13,Beck,"\"Weird_Al\"_Yankovic",other
4094664,18938265,11,Lasagna_(song),"\"Weird_Al\"_Yankovic",link
11861530,12571133,15,Jarboe,"\"V\"_Is_for_Vagina",link
62809,4213160,140,Warren_Beatty,$_(film),link
152171,331586,13,Baz_Luhrmann,"\"Crocodile\"_Dundee",link
10091063,18938265,34,Trapped_in_the_Drive-Thru,"\"Weird_Al\"_Yankovic",link
890630,18938265,80,Vanna_White,"\"Weird_Al\"_Yankovic",link
429120,1245168,19,List_of_reality_television_programs,$25_Million_Dollar_Hoax,link
41156988,18938265,52,Doge_(meme),"\"Weird_Al\"_Yankovic",link
1527386,18938265,31,Robot_Chicken,"\"Weird_Al\"_Yankovic",link
64486,3632887,11,!_(disambiguation),!!,other
21221111,11898394,17,The_Mission_discography,"\"No_Snow,_No_Show\"_for_the_Eskimo",other
2838416,1478845,86,Run-on_sentence,"\"Repent,_Harlequin!\"_Said_the_Ticktockman",link
2102697,18938265,25,My_Bologna,"\"Weird_Al\"_Yankovic",link
1118809,331586,297,"\"Crocodile\"_Dundee_II","\"Crocodile\"_Dundee",link
15608128,39007767,25,Ibanez_Jet_King,$100_Guitar_Project,link
3380816,18938265,11,Down_with_the_Sickness,"\"Weird_Al\"_Yankovic",link
,487976,36,other-google,"\"King\"_Bennie_Nawahi",other
15580374,1478845,11,Main_Page,"\"Repent,_Harlequin!\"_Said_the_Ticktockman",other
,2641242,10,other-other,"\"Still_Life\"_(American_Concert_1981)",other
6534317,331586,21,The_Man_from_Snowy_River_(1982_film),"\"Crocodile\"_Dundee",other
,31438273,76,other-google,"\"V\"_Is_for_Vengeance",other
,4597115,32,other-wikipedia,$pread,other
8473867,18938265,10,List_of_30_Rock_characters,"\"Weird_Al\"_Yankovic",other
10472351,1478845,14,Paingod_and_Other_Delusions,"\"Repent,_Harlequin!\"_Said_the_Ticktockman",link
,16252603,12,other-other,"\"M\"_Is_for_Malice",other
1260945,331586,28,Reginald_VelJohnson,"\"Crocodile\"_Dundee",other
15957378,18938265,844,Aaron_Paul,"\"Weird_Al\"_Yankovic",link
313518,4213160,37,Gert_Fröbe,$_(film),link
43727,18938265,144,Frankie_Yankovic,"\"Weird_Al\"_Yankovic",link
2644231,2641242,54,Flashpoint_(album),"\"Still_Life\"_(American_Concert_1981)",link
2000840,1478845,24,List_of_joint_winners_of_the_Hugo_and_Nebula_awards,"\"Repent,_Harlequin!\"_Said_the_Ticktockman",link
,1578140,13,other-twitter,%s,other
4584644,18938265,34,Yoda_(song),"\"Weird_Al\"_Yankovic",link
1887139,1896643,15,The_Blade_Runners,"\"Dr._Death\"_Steve_Williams",link
1261561,1261557,88,Lodger_(album),Heroes,link
40688399,18938265,10,Timber_(song),"\"Weird_Al\"_Yankovic",link
38164057,1261557,150,The_Next_Day,Heroes,link
,16252603,11,other-empty,"\"M\"_Is_for_Malice",other
206427,899480,33,USS_Ranger_(CV-4),"\"A\"_Device",link
33054146,18938265,13,Sexy_and_I_Know_It,"\"Weird_Al\"_Yankovic",link
193169,2398711,11,Świnoujście,"\"Solidarity\"_Szczecin–Goleniów_Airport",other
,563697,170,other-empty,"\"Master_Harold\"...and_the_Boys",other
,1478845,40,other-other,"\"Repent,_Harlequin!\"_Said_the_Ticktockman",other
,16252523,16,other-empty,"\"K\"_Is_for_Killer",other
1742323,18938265,114,Fat_(song),"\"Weird_Al\"_Yankovic",link
390867,18938265,438,UHF_(film),"\"Weird_Al\"_Yankovic",link
44955052,18938265,14,List_of_Epic_Rap_Battles_of_History_episodes,"\"Weird_Al\"_Yankovic",link
158879,18938265,60,George_Carlin,"\"Weird_Al\"_Yankovic",other
598368,1831030,12,Josh_Weinstein,"$pringfield_(or,_How_I_Learned_to_Stop_Worrying_and_Love_Legalized_Gambling)",other
4232032,1261557,16,Sense_of_Doubt,Heroes,link
3239642,1261557,748,"\"Heroes\"_(David_Bowie_song)",Heroes,link
22344579,331586,30,Academy_Award_for_Best_Original_Screenplay,"\"Crocodile\"_Dundee",link
,2641242,60,other-wikipedia,"\"Still_Life\"_(American_Concert_1981)",other
,27653497,32,other-wikipedia,"\"Five_stars_rise_in_the_East\"_arm_protector",other
3434143,18938265,18,Richard_Stallman,"\"Weird_Al\"_Yankovic",link
113468,25033979,24,The_Mission,"\"C\"_is_for_(Please_Insert_Sophomoric_Genitalia_Reference_HERE)",link
210836,18938265,13,Falco_(musician),"\"Weird_Al\"_Yankovic",link
1840022,1896643,36,Pro_Wrestling_Illustrated,"\"Dr._Death\"_Steve_Williams",link
37202658,43882355,128,Total_Loss_(album),What_Is_This_Heart?,other
43070100,7630017,33,Mandatory_Fun,"\"Weird_Al\"_Yankovic_discography",link
23811071,18938265,24,Party_in_the_U.S.A.,"\"Weird_Al\"_Yankovic",link
954203,1261557,11,Neu!_'75,Heroes,link
,16252712,14,other-empty,"\"N\"_Is_for_Noose",other
14703837,3564374,38,Great_White_Brotherhood,"\"I_AM\"_Activity",link
11273993,,15,Colt_1851_Navy_Revolver,"\"Bigfoot\"_Wallace",redlink
5419140,18938265,91,The_Naked_Gun,"\"Weird_Al\"_Yankovic",link
16409926,1896643,19,Learning_the_Ropes,"\"Dr._Death\"_Steve_Williams",link
238341,39304968,44,David_Hockney,"\"David_Hockney:_A_Bigger_Picture\"_in_Bilbao",link
1902117,1896643,24,List_of_World_Championship_Wrestling_alumni,"\"Dr._Death\"_Steve_Williams",link
3864676,1896643,10,Gary_Albright,"\"Dr._Death\"_Steve_Williams",link
,331586,781,other-wikipedia,"\"Crocodile\"_Dundee",other
4072138,18938265,52,"Like_a_Surgeon_(\"Weird_Al\"_Yankovic_song)","\"Weird_Al\"_Yankovic",link
483895,331586,13,Young_Einstein,"\"Crocodile\"_Dundee",link
37064351,18938265,10,The_Wrong_Ferarri,"\"Weird_Al\"_Yankovic",link
206934,2398711,16,Luton_Airport,"\"Solidarity\"_Szczecin–Goleniów_Airport",link
16203597,16204072,23,"\"G\"_Is_for_Gumshoe","\"H\"_Is_for_Homicide",link
59610,18938265,105,Atlantic_Records,"\"Weird_Al\"_Yankovic",link
,18938265,5129,other-empty,"\"Weird_Al\"_Yankovic",other
1766555,1896643,34,One_Man_Gang,"\"Dr._Death\"_Steve_Williams",link
4429395,18938265,57,Eminem,"\"Weird_Al\"_Yankovic",link
31056,2641242,19,The_Rolling_Stones,"\"Still_Life\"_(American_Concert_1981)",link
28367,18938265,33,Spam_(food),"\"Weird_Al\"_Yankovic",other
31597516,3564374,21,St._Germain_(Theosophy),"\"I_AM\"_Activity",link
41806370,18938265,59,Pinkie_Pride,"\"Weird_Al\"_Yankovic",link
,1362990,48,other-other,"\"Pimpernel\"_Smith",other
428865,18938265,10,Ironic_(song),"\"Weird_Al\"_Yankovic",link
,6810768,20,other-wikipedia,!T.O.O.H.!,other
1873599,1896643,104,Terry_Gordy,"\"Dr._Death\"_Steve_Williams",link
43309524,18938265,92,Word_Crimes,"\"Weird_Al\"_Yankovic",link
,487976,12,other-empty,"\"King\"_Bennie_Nawahi",other
5458198,18938265,14,Judy_Tenuta,"\"Weird_Al\"_Yankovic",link
1439800,18938265,82,Eye_of_the_Tiger,"\"Weird_Al\"_Yankovic",link
11560543,18938265,37,Comedy_music,"\"Weird_Al\"_Yankovic",link
2301720,16251903,10,Kinsey_Millhone,"\"E\"_Is_for_Evidence",link
,39007767,14,other-empty,$100_Guitar_Project,other
1448969,331586,18,Bart_vs._Australia,"\"Crocodile\"_Dundee",other
4619790,16079543,234,Puscifer,"\"V\"_Is_for_Viagra._The_Remixes",link
,3632887,93,other-wikipedia,!!,other
9410052,18938265,17,List_of_polka_artists,"\"Weird_Al\"_Yankovic",link
43552374,18938265,26,Ice_Bucket_Challenge,"\"Weird_Al\"_Yankovic",link
15580374,18938265,1791,Main_Page,"\"Weird_Al\"_Yankovic",other
200264,3564374,85,Theosophical_Society,"\"I_AM\"_Activity",link
16252208,16252523,24,"\"J\"_Is_for_Judgment","\"K\"_Is_for_Killer",link
13268270,1896643,17,The_Miracle_Violence_Connection,"\"Dr._Death\"_Steve_Williams",link
1969519,18938265,24,U_Can't_Touch_This,"\"Weird_Al\"_Yankovic",link
33525518,18938265,22,Noretta,"\"Weird_Al\"_Yankovic",link
43350433,7630017,10,Lame_Claim_to_Fame,"\"Weird_Al\"_Yankovic_discography",link
15580374,7630017,189,Main_Page,"\"Weird_Al\"_Yankovic_discography",other
306115,1896643,27,List_of_Extreme_Championship_Wrestling_alumni,"\"Dr._Death\"_Steve_Williams",link
1779766,1896643,21,Nikita_Koloff,"\"Dr._Death\"_Steve_Williams",link
2024278,1896643,17,Kenta_Kobashi,"\"Dr._Death\"_Steve_Williams",link
18938265,7630017,1871,"\"Weird_Al\"_Yankovic","\"Weird_Al\"_Yankovic_discography",link
1867173,18938265,57,Naked_Gun_33⅓:_The_Final_Insult,"\"Weird_Al\"_Yankovic",link
1910311,1896643,34,Clash_of_the_Champions,"\"Dr._Death\"_Steve_Williams",link
21073,18938265,14,Mad_(magazine),"\"Weird_Al\"_Yankovic",link
6967012,18938265,11,Seth_Green,"\"Weird_Al\"_Yankovic",link
40095940,18938265,16,List_of_2014_albums,"\"Weird_Al\"_Yankovic",link
4082868,18938265,33,Dare_to_Be_Stupid_(song),"\"Weird_Al\"_Yankovic",link
42746880,18938265,431,Galavant,"\"Weird_Al\"_Yankovic",link
22155074,10231968,11,C$_(disambiguation),$_(disambiguation),link
5747670,18938265,58,Live_and_Let_Die_(song),"\"Weird_Al\"_Yankovic",link
,16079543,12,other-wikipedia,"\"V\"_Is_for_Viagra._The_Remixes",other
28196738,28612415,32,MaxNormal.TV,$O$_(Die_Antwoord_album),other
,38499517,15,other-other,"\"Left-Wing\"_Communism:_An_Infantile_Disorder",other
1375614,25033979,15,Tapeworm_(band),"\"C\"_is_for_(Please_Insert_Sophomoric_Genitalia_Reference_HERE)",other
8133962,18938265,10,Back_at_the_Barnyard,"\"Weird_Al\"_Yankovic",link
,2556962,25,other-empty,!!!_(album),other
288469,18938265,23,Novelty_song,"\"Weird_Al\"_Yankovic",link
25893,1261557,143,Robert_Fripp,Heroes,link
,12571133,51,other-wikipedia,"\"V\"_Is_for_Vagina",other
,1282996,272,other-google,"\"A\"_Is_for_Alibi",other
1248074,331586,60,David_Gulpilil,"\"Crocodile\"_Dundee",link
,22602473,23,other-empty,!Oka_Tokat,other
609606,3564374,42,Church_Universal_and_Triumphant,"\"I_AM\"_Activity",link
171612,331586,221,1986_in_film,"\"Crocodile\"_Dundee",link
801116,4213160,31,Richard_Brooks,$_(film),link
4232056,1261557,14,Moss_Garden,Heroes,link
6932227,18938265,11,The_Saga_Begins_(album),"\"Weird_Al\"_Yankovic",link
,41363180,15,other-google,"\"Yes,_And\"_rule",other
3671687,18938265,10,Leibniz–Newton_calculus_controversy,"\"Weird_Al\"_Yankovic",link
471752,1896643,19,World_Class_Championship_Wrestling,"\"Dr._Death\"_Steve_Williams",link
18960192,18938265,66,Parody,"\"Weird_Al\"_Yankovic",link
10449888,331586,28,List_of_Paramount_Pictures_films,"\"Crocodile\"_Dundee",link
14059,1831030,77,Howard_Hughes,"$pringfield_(or,_How_I_Learned_to_Stop_Worrying_and_Love_Legalized_Gambling)",other
,16250593,21,other-google,"\"D\"_Is_for_Deadbeat",other
470006,16252523,28,Sue_Grafton,"\"K\"_Is_for_Killer",link
6600777,7630017,11,Don't_Download_This_Song,"\"Weird_Al\"_Yankovic_discography",link
,39072529,10,other-other,"\"Bassy\"_Bob_Brockmann",other
7051503,18938265,10,The_Drew_Carey_Show,"\"Weird_Al\"_Yankovic",link
923669,1261557,26,Lust_for_Life_(album),Heroes,link
24204138,18938265,36,"The_Essential_\"Weird_Al\"_Yankovic","\"Weird_Al\"_Yankovic",link
1983348,1896643,15,Dan_Spivey,"\"Dr._Death\"_Steve_Williams",link
2246914,18938265,14,Ray_of_Light_(song),"\"Weird_Al\"_Yankovic",link
2446828,18938265,12,Trinidad_Silva,"\"Weird_Al\"_Yankovic",link
809108,1261557,61,The_Thin_White_Duke,Heroes,link
83545,1362990,44,The_Scarlet_Pimpernel,"\"Pimpernel\"_Smith",link
30654736,1896643,17,List_of_Pro_Wrestling_Illustrated_awards,"\"Dr._Death\"_Steve_Williams",link
2301720,16204072,11,Kinsey_Millhone,"\"H\"_Is_for_Homicide",link
470006,16253763,21,Sue_Grafton,"\"S\"_Is_for_Silence",link
924771,18938265,40,The_Naked_Gun_2½:_The_Smell_of_Fear,"\"Weird_Al\"_Yankovic",link
,3564374,51,other-wikipedia,"\"I_AM\"_Activity",other
302252,38499517,20,Council_communism,"\"Left-Wing\"_Communism:_An_Infantile_Disorder",link
,1245168,16,other-wikipedia,$25_Million_Dollar_Hoax,other
704528,3564374,27,Elizabeth_Clare_Prophet,"\"I_AM\"_Activity",other
29286930,28612415,385,Yolandi_Visser,$O$_(Die_Antwoord_album),other
,16204072,24,other-google,"\"H\"_Is_for_Homicide",other
1417851,18938265,11,One_Week_(song),"\"Weird_Al\"_Yankovic",link
38164596,1261557,13,Where_Are_We_Now?,Heroes,link
,17495549,135,other-google,"\"I_Want\"_song",other
,1896643,190,other-empty,"\"Dr._Death\"_Steve_Williams",other
,1282996,45,other-empty,"\"A\"_Is_for_Alibi",other
43318058,18938265,11,Claudia_O'Doherty,"\"Weird_Al\"_Yankovic",link
,1896643,54,other-other,"\"Dr._Death\"_Steve_Williams",other
470006,16204072,26,Sue_Grafton,"\"H\"_Is_for_Homicide",link
,1362990,101,other-empty,"\"Pimpernel\"_Smith",other
21771811,1896643,51,List_of_WWE_alumni_(S–Z),"\"Dr._Death\"_Steve_Williams",link
,18938265,33,other-facebook,"\"Weird_Al\"_Yankovic",other
1273502,18938265,118,Loser_(Beck_song),"\"Weird_Al\"_Yankovic",link
39384064,18938265,965,57th_Annual_Grammy_Awards,"\"Weird_Al\"_Yankovic",link
26678,18938265,11,Star_Wars,"\"Weird_Al\"_Yankovic",link
,36758937,15,other-empty,"\"Major\"_John_Buchanan",other
,28907601,12,other-other,"\"Ode-to-Napoleon\"_hexachord",other
160783,1261557,25,1977_in_music,Heroes,link
11311126,18938265,35,It's_All_About_the_Pentiums,"\"Weird_Al\"_Yankovic",link
1985456,1896643,12,List_of_WCW_World_Tag_Team_Champions,"\"Dr._Death\"_Steve_Williams",link
22918,331586,140,Paramount_Pictures,"\"Crocodile\"_Dundee",link
24445746,1896643,20,List_of_Legends_of_Wrestling_characters,"\"Dr._Death\"_Steve_Williams",link
419269,1478845,10,Nebula_Award_for_Best_Short_Story,"\"Repent,_Harlequin!\"_Said_the_Ticktockman",other
2747201,331586,33,Shrimp_on_the_barbie,"\"Crocodile\"_Dundee",other
34826435,18938265,17,Parody_in_popular_music,"\"Weird_Al\"_Yankovic",link
2376452,331586,34,Australian_New_Wave,"\"Crocodile\"_Dundee",other
6131602,17495549,38,Go_the_Distance,"\"I_Want\"_song",other
4109863,18938265,13,Gump_(song),"\"Weird_Al\"_Yankovic",link
703188,18938265,70,List_of_vegans,"\"Weird_Al\"_Yankovic",link
3955585,18938265,12,Janie's_Got_a_Gun,"\"Weird_Al\"_Yankovic",link
470006,16253383,27,Sue_Grafton,"\"P\"_Is_for_Peril",link
286821,22499310,58,Dazed_and_Confused_(song),"\"The_Above_Ground_Sound\"_of_Jake_Holmes",link
2717533,1261557,17,Joe_the_Lion,Heroes,link
11871605,18938265,10,Cherry_Pie_(Warrant_song),"\"Weird_Al\"_Yankovic",other
73257,1478845,51,V_for_Vendetta,"\"Repent,_Harlequin!\"_Said_the_Ticktockman",link
51744,18938265,86,American_Pie_(song),"\"Weird_Al\"_Yankovic",link
39026706,18938265,11,Blurred_Lines,"\"Weird_Al\"_Yankovic",link
2001780,1896643,10,Carl_Ouellet,"\"Dr._Death\"_Steve_Williams",link
12798266,18938265,182,"List_of_\"Weird_Al\"_Yankovic_polka_medleys","\"Weird_Al\"_Yankovic",link
18938265,18938265,38,"\"Weird_Al\"_Yankovic","\"Weird_Al\"_Yankovic",other
681822,18938265,27,UHF_–_Original_Motion_Picture_Soundtrack_and_Other_Stuff,"\"Weird_Al\"_Yankovic",link
194844,899480,15,USS_Yorktown_(CV-5),"\"A\"_Device",link
33545134,4597115,27,Nica_Noelle,$pread,link
41629180,18938265,87,Game_Grumps,"\"Weird_Al\"_Yankovic",link
,3564374,118,other-other,"\"I_AM\"_Activity",other
272874,1896643,24,Lex_Luger,"\"Dr._Death\"_Steve_Williams",link
2026444,18938265,44,The_Safety_Dance,"\"Weird_Al\"_Yankovic",link
1261545,1261557,17,Young_Americans_(album),Heroes,link
2143297,1896643,42,Triple_Crown_Heavyweight_Championship,"\"Dr._Death\"_Steve_Williams",link
,5400322,29,other-google,"\"No_Flashlight\":_Songs_of_the_Fulfilled_Night",other
1235858,1896643,31,Ron_Simmons,"\"Dr._Death\"_Steve_Williams",link
72766,331586,31,Dundee_(disambiguation),"\"Crocodile\"_Dundee",other
31466206,31466526,73,Nightmare:_The_Acoustic_M.S.G.,"\"Unplugged\"_Live",link
477331,1419311,10,United_States_ten-dollar_bill,$20,other
773691,899480,47,Antarctica_Service_Medal,"\"A\"_Device",link
36682042,18938265,213,Dollmaker_(comics),"\"Weird_Al\"_Yankovic",link
,22499310,32,other-google,"\"The_Above_Ground_Sound\"_of_Jake_Holmes",other
5888557,18938265,10,Footloose_(song),"\"Weird_Al\"_Yankovic",link
,27111155,13,other-empty,"\"You've_Got\"_the_Touch",other
13087996,12571133,103,Eddie_McClintock,"\"V\"_Is_for_Vagina",other
1237220,18938265,25,Patton_Oswalt,"\"Weird_Al\"_Yankovic",link
,36439291,17,other-empty,_(disambiguation)	other,
1588040,39007767,10,Nick_Didkovsky,$100_Guitar_Project,link
28588118,28612415,624,5_(Die_Antwoord_EP),$O$_(Die_Antwoord_album),other
14416996,2641242,22,Let's_Spend_the_Night_Together_(film),"\"Still_Life\"_(American_Concert_1981)",link
26050642,28612415,2527,Die_Antwoord,$O$_(Die_Antwoord_album),other
1023249,1245168,11,George_Gray_(television_personality),$25_Million_Dollar_Hoax,link
38341,1478845,228,Harlequin,"\"Repent,_Harlequin!\"_Said_the_Ticktockman",link
1187218,2398711,30,"Bergen_Airport,_Flesland","\"Solidarity\"_Szczecin–Goleniów_Airport",other
,4161738,11,other-empty,"\"Weird_Al\"_Yankovic_Live!",other
8127304,22602473,16,Jericho_Rosales,!Oka_Tokat,link
,18938265,1369,other-other,"\"Weird_Al\"_Yankovic",other
2051328,18938265,16,Pretty_Fly_(for_a_White_Guy),"\"Weird_Al\"_Yankovic",link
,2398711,55,other-empty,"\"Solidarity\"_Szczecin–Goleniów_Airport",other
,25033979,42,other-empty,"\"C\"_is_for_(Please_Insert_Sophomoric_Genitalia_Reference_HERE)",other
,2641242,16,other-bing,"\"Still_Life\"_(American_Concert_1981)",other
,899480,17,other-google,"\"A\"_Device",other
,16250593,15,other-empty,"\"D\"_Is_for_Deadbeat",other
9058458,37813210,71,Squamish_language,Where_Are_Your_Keys?,other
2267673,1896643,45,Wrestling_Observer_Newsletter_Hall_of_Fame,"\"Dr._Death\"_Steve_Williams",link
,16252523,16,other-wikipedia,"\"K\"_Is_for_Killer",other
41681071,18938265,26,My_Little_Pony:_Friendship_Is_Magic_(season_5),"\"Weird_Al\"_Yankovic",link
371187,18938265,13,National_Enquirer,"\"Weird_Al\"_Yankovic",link
,23158690,60,other-google,"\"Ion_Mincu\"_University_of_Architecture_and_Urbanism",other
1426548,3564374,20,I_Am,"\"I_AM\"_Activity",link
26179,18938265,10,Ron_Popeil,"\"Weird_Al\"_Yankovic",link
,2556962,16,other-google,!!!_(album),other
16757649,18938265,22,Batman:_The_Brave_and_the_Bold,"\"Weird_Al\"_Yankovic",link
739408,7630017,25,Eat_It,"\"Weird_Al\"_Yankovic_discography",link
2560896,18938265,16,Lump_(song),"\"Weird_Al\"_Yankovic",link
636093,2398711,39,Warsaw_Chopin_Airport,"\"Solidarity\"_Szczecin–Goleniów_Airport",link
,39072529,49,other-google,"\"Bassy\"_Bob_Brockmann",other
1513139,1896643,12,Starrcade,"\"Dr._Death\"_Steve_Williams",link
1178120,18938265,24,Headline_News_(song),"\"Weird_Al\"_Yankovic",link
2102759,18938265,29,Another_One_Rides_the_Bus,"\"Weird_Al\"_Yankovic",link
,43720216,32,other-wikipedia,"\"Pro_knigi\"_(\"About_books\")",other
,1362990,73,other-wikipedia,"\"Pimpernel\"_Smith",other
185416,18938265,220,Grammy_Award_for_Best_Comedy_Album,"\"Weird_Al\"_Yankovic",link
57850,1831030,13,Springfield,"$pringfield_(or,_How_I_Learned_to_Stop_Worrying_and_Love_Legalized_Gambling)",other
1996695,18938265,20,You're_Beautiful,"\"Weird_Al\"_Yankovic",link
22814756,4597115,12,Madison_Young,$pread,link
1691016,1896643,31,Kevin_Sullivan_(wrestler),"\"Dr._Death\"_Steve_Williams",link
2716198,2398711,24,Rzeszów–Jasionka_Airport,"\"Solidarity\"_Szczecin–Goleniów_Airport",link
844984,1896643,23,Ring_name,"\"Dr._Death\"_Steve_Williams",link
,28612415,241,other-empty,$O$_(Die_Antwoord_album),other
42247669,17495549,30,Just_Around_the_Riverbend,"\"I_Want\"_song",other
,3632887,10,other-other,!!,other
1438509,,14,List_of_Old_West_gunfighters,"\"Cool_Hand_Conor\"_O'Neill",redlink
26941571,8617839,16,List_of_Father_Ted_characters,"Good_Luck,_Father_Ted",link
15580374,4042422,21,Main_Page,$2,other
2075551,38499517,14,Ultra-leftism,"\"Left-Wing\"_Communism:_An_Infantile_Disorder",other
33629854,18938265,13,DC_Nation_Shorts,"\"Weird_Al\"_Yankovic",link
593138,1478845,10,"I_Have_No_Mouth,_and_I_Must_Scream","\"Repent,_Harlequin!\"_Said_the_Ticktockman",link
2308563,10231968,140,Dollar_sign,$_(disambiguation),link
155452,18938265,16,Hey_Jude,"\"Weird_Al\"_Yankovic",link
41895775,17495549,23,For_the_First_Time_in_Forever,"\"I_Want\"_song",link
30821628,18938265,16,List_of_My_Little_Pony:_Friendship_Is_Magic_episodes,"\"Weird_Al\"_Yankovic",link
470006,16251903,26,Sue_Grafton,"\"E\"_Is_for_Evidence",link
,331586,6820,other-google,"\"Crocodile\"_Dundee",other
1093963,18938265,28,Polka_Party!,"\"Weird_Al\"_Yankovic",link
,1282996,10,other-yahoo,"\"A\"_Is_for_Alibi",other
,8617839,15,other-wikipedia,"Good_Luck,_Father_Ted",other
8401830,45258416,59,Red_Terror_(Ethiopia),"\"Red_Terror\"_Martyrs'_Memorial_Museum",link
1331938,18938265,32,Three_Gays_of_the_Condo,"\"Weird_Al\"_Yankovic",link
7630017,4161738,12,"\"Weird_Al\"_Yankovic_discography","\"Weird_Al\"_Yankovic_Live!",link
2301720,16252603,11,Kinsey_Millhone,"\"M\"_Is_for_Malice",link
998258,7630017,30,Amish_Paradise,"\"Weird_Al\"_Yankovic_discography",link
998258,18938265,180,Amish_Paradise,"\"Weird_Al\"_Yankovic",link
3456183,18938265,12,Christmas_at_Ground_Zero,"\"Weird_Al\"_Yankovic",link
5254045,2641242,11,Time_Is_on_My_Side,"\"Still_Life\"_(American_Concert_1981)",link
44402525,12565141,10,TVXQ_singles_discography,"\"O\"-Jung.Ban.Hap.",link
,12571133,223,other-google,"\"V\"_Is_for_Vagina",other
1124279,18938265,16,Mmm_Mmm_Mmm_Mmm,"\"Weird_Al\"_Yankovic",link
2301720,16250593,10,Kinsey_Millhone,"\"D\"_Is_for_Deadbeat",link
4649999,7630017,21,911_(Wyclef_Jean_song),"\"Weird_Al\"_Yankovic_discography",other
1422400,331586,147,Linda_Kozlowski,"\"Crocodile\"_Dundee",other
10138105,12565141,26,Five_in_the_Black,"\"O\"-Jung.Ban.Hap.",link
239034,18938265,20,Dweezil_Zappa,"\"Weird_Al\"_Yankovic",link
41684727,18938265,10,Whiplash_(2014_film),"\"Weird_Al\"_Yankovic",other
2110406,,10,Pretty_Ricky,Knockin'_Boots	redlink,
194036,18938265,11,Spike_Jones,"\"Weird_Al\"_Yankovic",link
1458754,2641242,11,"Take_the_\"A\"_Train","\"Still_Life\"_(American_Concert_1981)",link
,24648172,19,other-google,$200,other
,2641242,53,other-empty,"\"Still_Life\"_(American_Concert_1981)",other
23138134,18938265,15,Internet_Leaks,"\"Weird_Al\"_Yankovic",link
8245402,1362990,11,BOAC_Flight_777,"\"Pimpernel\"_Smith",other
2683218,18938265,15,List_of_Lilo_&_Stitch:_The_Series_episodes,"\"Weird_Al\"_Yankovic",link
,3632887,46,other-empty,!!,other
2061699,2556962,19,Louden_Up_Now,!!!_(album),link
28639397,25033979,73,Sound_into_Blood_into_Wine,"\"C\"_is_for_(Please_Insert_Sophomoric_Genitalia_Reference_HERE)",link
1940350,1896643,12,Powerbomb,"\"Dr._Death\"_Steve_Williams",other
7468179,36439291,231,Quotation_mark,_(disambiguation)	link,
3070450,18938265,14,My_Sharona,"\"Weird_Al\"_Yankovic",link
4070747,18938265,17,Ricky_(song),"\"Weird_Al\"_Yankovic",link
26534206,18938265,11,Comedy_Bang!_Bang!,"\"Weird_Al\"_Yankovic",link
1441354,1896643,19,Jushin_Thunder_Liger,"\"Dr._Death\"_Steve_Williams",link
885480,331586,20,The_Adventures_of_Bayou_Billy,"\"Crocodile\"_Dundee",other
1742323,7630017,17,Fat_(song),"\"Weird_Al\"_Yankovic_discography",link
10670306,331586,83,"Michael_\"Crocodile\"_Dundee","\"Crocodile\"_Dundee",link
64486,2556962,15,!_(disambiguation),!!!_(album),link
1451758,1896643,33,Alexey_Ignashov,"\"Dr._Death\"_Steve_Williams",link
680375,18938265,10,Bill_Plympton,"\"Weird_Al\"_Yankovic",link
,6810768,35,other-empty,!T.O.O.H.!,other
222217,12571133,48,Tim_Commerford,"\"V\"_Is_for_Vagina",link
8786,1261557,2302,David_Bowie,Heroes,link
865241,331586,10,Crocodile_Hunter,"\"Crocodile\"_Dundee",other
9688173,2398711,27,"Moss_Airport,_Rygge","\"Solidarity\"_Szczecin–Goleniów_Airport",other
154247,18938265,11,Eddie_Vedder,"\"Weird_Al\"_Yankovic",other
3620042,1831030,11,Sweet_Seymour_Skinner's_Baadasssss_Song,"$pringfield_(or,_How_I_Learned_to_Stop_Worrying_and_Love_Legalized_Gambling)",link
39863336,18938265,18,Royals_(song),"\"Weird_Al\"_Yankovic",link
4231979,1261557,29,V-2_Schneider,Heroes,link
10151970,18938265,12,Hip_to_Be_Square,"\"Weird_Al\"_Yankovic",other
382199,18938265,14,Ray_Manzarek,"\"Weird_Al\"_Yankovic",link
,3564374,33,other-facebook,"\"I_AM\"_Activity",other
440017,18938265,48,Aisha_Tyler,"\"Weird_Al\"_Yankovic",link
,12571133,22,other-other,"\"V\"_Is_for_Vagina",other
693780,331586,1222,Paul_Hogan,"\"Crocodile\"_Dundee",link
45137822,18938265,469,Batman_vs._Robin,"\"Weird_Al\"_Yankovic",link
20813810,331586,13,Peter_Best_(composer),"\"Crocodile\"_Dundee",other
25011929,18938265,10,John_and_Lorena_Bobbitt,"\"Weird_Al\"_Yankovic",link
17599211,1896643,17,Starrcade_(1987),"\"Dr._Death\"_Steve_Williams",link
18784650,18938265,832,Super_Bowl_XLIX,"\"Weird_Al\"_Yankovic",other
,4213160,86,other-google,$_(film),other
48110,18938265,10,Tonya_Harding,"\"Weird_Al\"_Yankovic",link
40156059,331586,30,Live_It_Up_(Mental_As_Anything_song),"\"Crocodile\"_Dundee",link
16252757,16253383,30,"\"O\"_Is_for_Outlaw","\"P\"_Is_for_Peril",link
202033,,244,ECT,etc.,redlink
,2398711,59,other-wikipedia,"\"Solidarity\"_Szczecin–Goleniów_Airport",other
,4597115,26,other-empty,$pread,other
472883,1896643,47,Universal_Wrestling_Federation_(Bill_Watts),"\"Dr._Death\"_Steve_Williams",link
,11898394,14,other-google,"\"No_Snow,_No_Show\"_for_the_Eskimo",other
242476,38499517,50,Jack_Straw,"\"Left-Wing\"_Communism:_An_Infantile_Disorder",link
16252078,16252208,25,"\"I\"_Is_for_Innocent","\"J\"_Is_for_Judgment",link
9044129,1896643,10,Salman_Hashimikov,"\"Dr._Death\"_Steve_Williams",link
595282,37813210,71,Hand_game,Where_Are_Your_Keys?,other
34557,331586,12,1980s,"\"Crocodile\"_Dundee",other
29054561,43882355,1025,How_to_Dress_Well,What_Is_This_Heart?,link
,37732991,16,other-wikipedia,"\"Good_Day,_Fellow!\"_\"Axe_Handle!\"",other
43368354,18938265,33,Handy_(song),"\"Weird_Al\"_Yankovic",link
,1419311,20,other-wikipedia,$20,other
33246249,18938265,13,"\"Weird_Al\"_Yankovic_Live!:_The_Alpocalypse_Tour","\"Weird_Al\"_Yankovic",link
37287,18938265,12,Scooby-Doo,"\"Weird_Al\"_Yankovic",link
,3243047,21,other-empty,!_(album),other
1733948,44783572,12,Midhat_Frashëri,"\"Free_Albania\"_National_Committee",link
,1261557,410,other-empty,Heroes,other
1337475,3243047,208,The_Dismemberment_Plan,!_(album),link
28271869,18938265,10,Hurley_(album),"\"Weird_Al\"_Yankovic",other
1314319,18938265,142,The_Weird_Al_Show,"\"Weird_Al\"_Yankovic",link
10294516,18938265,17,"\"Weird_Al\"_Yankovic_videography","\"Weird_Al\"_Yankovic",link
147692,25033979,25,Tim_Alexander,"\"C\"_is_for_(Please_Insert_Sophomoric_Genitalia_Reference_HERE)",other
1272752,2398711,10,Ryanair_destinations,"\"Solidarity\"_Szczecin–Goleniów_Airport",link
15580374,331586,289,Main_Page,"\"Crocodile\"_Dundee",other
171680,4213160,10,1971_in_film,$_(film),link
1984531,1896643,30,Skandor_Akbar,"\"Dr._Death\"_Steve_Williams",link
4012959,18938265,12,I_Can't_Dance,"\"Weird_Al\"_Yankovic",link
7033,331586,52,Caitlin_Clarke,"\"Crocodile\"_Dundee",other
2366938,18938265,44,Oy_vey,"\"Weird_Al\"_Yankovic",link
1912776,1896643,12,Chi-Town_Rumble,"\"Dr._Death\"_Steve_Williams",link
681823,18938265,101,Even_Worse,"\"Weird_Al\"_Yankovic",link
87474,18938265,13,Tony_Hawk,"\"Weird_Al\"_Yankovic",link
,4213160,75,other-empty,$_(film),other
231982,18938265,242,Dr._Demento,"\"Weird_Al\"_Yankovic",link
1785504,1896643,16,Ed_Ferrara,"\"Dr._Death\"_Steve_Williams",link
738015,18938265,27,Johnny_Bravo,"\"Weird_Al\"_Yankovic",link
3588232,18938265,10,We're_Not_Gonna_Take_It_(Twisted_Sister_song),"\"Weird_Al\"_Yankovic",link
1681057,1831030,14,Treehouse_of_Horror_XIII,"$pringfield_(or,_How_I_Learned_to_Stop_Worrying_and_Love_Legalized_Gambling)",other
189288,18938265,11,The_Adventures_of_Captain_Underpants,"\"Weird_Al\"_Yankovic",other
43350433,18938265,25,Lame_Claim_to_Fame,"\"Weird_Al\"_Yankovic",link
418599,1478845,21,Hugo_Award_for_Best_Short_Story,"\"Repent,_Harlequin!\"_Said_the_Ticktockman",link
487070,18938265,14,Emo_Philips,"\"Weird_Al\"_Yankovic",other
2004376,1896643,12,List_of_NWA_World_Tag_Team_Champions,"\"Dr._Death\"_Steve_Williams",link
14295471,18938265,11,Sussudio,"\"Weird_Al\"_Yankovic",other
6626648,11898394,58,Masque_(The_Mission_album),"\"No_Snow,_No_Show\"_for_the_Eskimo",link
1263456,18938265,40,ApologetiX,"\"Weird_Al\"_Yankovic",link
,31466526,39,other-google,"\"Unplugged\"_Live",other
195834,1261557,18,Aladdin_Sane,Heroes,link
681846,18938265,284,"\"Weird_Al\"_Yankovic_(album)","\"Weird_Al\"_Yankovic",link
29264213,35881722,10,Vivid_(band),"\"Yume\"_~Mugen_no_Kanata~",link
,44810634,10,other-empty,"\"Just_Your_Average_Second_On_This_Planet\"_1997-1998",other
1955961,7630017,27,Smells_Like_Nirvana,"\"Weird_Al\"_Yankovic_discography",link
681814,18938265,54,Off_the_Deep_End,"\"Weird_Al\"_Yankovic",link
25140047,18938265,29,NOH8_Campaign,"\"Weird_Al\"_Yankovic",other
,1896643,226,other-wikipedia,"\"Dr._Death\"_Steve_Williams",other
640911,18938265,29,List_of_satirists_and_satires,"\"Weird_Al\"_Yankovic",link
,563697,1967,other-google,"\"Master_Harold\"...and_the_Boys",other
28456,2398711,51,Szczecin,"\"Solidarity\"_Szczecin–Goleniów_Airport",link
30864960,1896643,46,Mike_Rotunda,"\"Dr._Death\"_Steve_Williams",link
726651,18938265,18,Donny_Osmond,"\"Weird_Al\"_Yankovic",link
,38499517,70,other-wikipedia,"\"Left-Wing\"_Communism:_An_Infantile_Disorder",other
7260565,18938265,26,Canadian_Idiot,"\"Weird_Al\"_Yankovic",link
1162,18938265,33,Accordion,"\"Weird_Al\"_Yankovic",link
,563697,78,other-yahoo,"\"Master_Harold\"...and_the_Boys",other
,1282996,31,other-wikipedia,"\"A\"_Is_for_Alibi",other
400401,2398711,74,List_of_airports_in_Poland,"\"Solidarity\"_Szczecin–Goleniów_Airport",link
,1896643,70,other-yahoo,"\"Dr._Death\"_Steve_Williams",other
1346791,18938265,16,Richard_Cheese,"\"Weird_Al\"_Yankovic",link
,3564374,369,other-empty,"\"I_AM\"_Activity",other
470006,16252603,32,Sue_Grafton,"\"M\"_Is_for_Malice",link
7419707,18938265,24,John_Morrison_(wrestler),"\"Weird_Al\"_Yankovic",link
,1261557,30,other-other,Heroes,other
569820,18938265,28,Losing_My_Religion,"\"Weird_Al\"_Yankovic",link
1889491,1896643,128,Dr._Death,"\"Dr._Death\"_Steve_Williams",link
470006,1282996,207,Sue_Grafton,"\"A\"_Is_for_Alibi",link
,7630017,21,other-other,"\"Weird_Al\"_Yankovic_discography",other
11224587,18938265,31,I_Lost_on_Jeopardy,"\"Weird_Al\"_Yankovic",link
470006,31438273,59,Sue_Grafton,"\"V\"_Is_for_Vengeance",link
21604923,18938265,15,Isaac_Newton_in_popular_culture,"\"Weird_Al\"_Yankovic",link
194627,18938265,19,Straight_Outta_Compton,"\"Weird_Al\"_Yankovic",link
19156218,18938265,11,Star_Wars_Kid,"\"Weird_Al\"_Yankovic",link
4331044,1362990,13,List_of_World_War_II_films,"\"Pimpernel\"_Smith",other
11984730,4597115,11,Index_of_human_sexuality_articles,$pread,link
16252578,16252603,23,"\"L\"_Is_for_Lawless","\"M\"_Is_for_Malice",link
197889,18938265,17,Felix_the_Cat,"\"Weird_Al\"_Yankovic",link
,1362990,625,other-google,"\"Pimpernel\"_Smith",other
7894054,18938265,10,Wayne_Bergeron,"\"Weird_Al\"_Yankovic",link
168263,18938265,26,Coolio,"\"Weird_Al\"_Yankovic",link
37104582,22602473,11,Jeepney_TV,!Oka_Tokat,link
,3243047,28,other-wikipedia,!_(album),other
1889929,1831030,12,Saddlesore_Galactica,"$pringfield_(or,_How_I_Learned_to_Stop_Worrying_and_Love_Legalized_Gambling)",other
,1419311,38,other-empty,$20,other
15022585,18938265,12,James_Blunt,"\"Weird_Al\"_Yankovic",other
,563697,38,other-other,"\"Master_Harold\"...and_the_Boys",other
